url_path,views_total,views_unique
/cmu-sei/pharos,113,82
/cmu-sei/pharos/blob/master/INSTALL.md,30,17
/cmu-sei/pharos/blob/master/tools/ooanalyzer/ooanalyzer.pod,25,18
/cmu-sei/pharos/tree/master/tools/ooanalyzer/ghidra/OOAnalyzerPlugin,21,11
/cmu-sei/pharos/tree/master/tools/ooanalyzer,19,11
/cmu-sei/pharos/blob/master/share/prolog/oorules/README.md,17,10
/cmu-sei/pharos/tree/master,16,12
/cmu-sei/pharos/issues/267,11,7
/cmu-sei/pharos/issues/95,9,9
/cmu-sei/pharos/blob/master/tools/ooanalyzer/ooanalyzer.cpp,8,6
